{"cameraMode":{"drawMode":0,"name":"Shaded","section":"Shading Mode"},"sceneLighting":true,"audioPlay":false,"sceneViewState":{"showFog":true,"showMaterialUpdate":false,"showSkybox":true,"showFlares":true,"showImageEffects":true,"showParticleSystems":true},"in2DMode":false,"pivot":{"x":463.2143249511719,"y":246.44656372070313,"z":35.87374496459961},"rotation":{"x":0.029990389943122865,"y":-0.0179903507232666,"z":0.0005401360685937107,"w":0.9993990063667297},"size":555.3601684570313,"orthographic":true}