{"cameraMode":{"drawMode":0,"name":"Shaded","section":"Shading Mode"},"sceneLighting":true,"audioPlay":false,"sceneViewState":{"showFog":true,"showMaterialUpdate":false,"showSkybox":true,"showFlares":true,"showImageEffects":true,"showParticleSystems":true},"in2DMode":false,"pivot":{"x":633.2350463867188,"y":264.5,"z":0.4296063780784607},"rotation":{"x":0.029990389943122865,"y":-0.0179903507232666,"z":0.0005401360685937107,"w":0.9993990063667297},"size":2290.82568359375,"orthographic":true}